Workbook

Sheet Export Factuur
A1: SAP ID | B1: Naam | C1: Uurloon | D1: Uurloon zonder ATV | E1: Functie toeslag | F1: Wekentelling | G1: Fase tarief | H1: Datum | I1: Code toeslag | J1: Totaal uren | K1: Subtotaal
A2: 374801 | B2: Dawid Kutermak | C2: 17.63 | D2: 16.61 | E2: 0 | F2: 229 | G2: C | H2: 46006 | I2: Norm uren Dag | J2: 7.75 | K2: 248.54
A3: 374801 | B3: Dawid Kutermak | C3: 17.63 | D3: 16.61 | E3: 0 | F3: 229 | G3: C | H3: 46007 | I3: Norm uren Dag | J3: 7.75 | K3: 248.54
A4: 374801 | B4: Dawid Kutermak | C4: 17.63 | D4: 16.61 | E4: 0 | F4: 229 | G4: C | H4: 46008 | I4: Norm uren Dag | J4: 7.75 | K4: 248.54
A5: 374801 | B5: Dawid Kutermak | C5: 17.63 | D5: 16.61 | E5: 0 | F5: 229 | G5: C | H5: 46009 | I5: Norm uren Dag | J5: 7.75 | K5: 248.54
A6: 374801 | B6: Dawid Kutermak | C6: 17.63 | D6: 16.61 | E6: 0 | F6: 229 | G6: C | H6: 46010 | I6: Norm uren Dag | J6: 4.75 | K6: 152.33
A7: 305518 | B7: Adrian Koson | C7: 15.89 | D7: 14.98 | E7: 0 | F7: 9 | G7: A | H7: 46006 | I7: Norm uren Dag | J7: 1.5 | K7: 45.06
A8: 341230 | B8: Sandra Owczarczak - Wawrzyniak | C8: 15.89 | D8: 14.98 | E8: 0 | F8: 1 | G8: A | H8: 46006 | I8: Norm uren Dag | J8: 6.5 | K8: 195.26
A9: 341230 | B9: Sandra Owczarczak - Wawrzyniak | C9: 15.89 | D9: 14.98 | E9: 0 | F9: 1 | G9: A | H9: 46007 | I9: Norm uren Dag | J9: 8 | K9: 240.32
A10: 341230 | B10: Sandra Owczarczak - Wawrzyniak | C10: 15.89 | D10: 14.98 | E10: 0 | F10: 1 | G10: A | H10: 46008 | I10: Norm uren Dag | J10: 8 | K10: 240.32
A11: 341230 | B11: Sandra Owczarczak - Wawrzyniak | C11: 15.89 | D11: 14.98 | E11: 0 | F11: 1 | G11: A | H11: 46009 | I11: Norm uren Dag | J11: 8 | K11: 240.32
A12: 341230 | B12: Sandra Owczarczak - Wawrzyniak | C12: 15.89 | D12: 14.98 | E12: 0 | F12: 1 | G12: A | H12: 46010 | I12: Norm uren Dag | J12: 8 | K12: 240.32
A13: 366142 | B13: Julia Nowak | C13: 15.89 | D13: 14.98 | E13: 0 | F13: 1 | G13: A | H13: 46006 | I13: Norm uren Dag | J13: 6.25 | K13: 187.75
... A911: 454135 | B911: Dawid Jankowski | C911: 15.89 | D911: 14.98 | E911: 0 | F911: 5 | G911: A | H911: 46010 | I911: Norm uren Dag | J911: 9.5 | K911: 285.38

Sheet Tarievensheet per persoon
A1: SAP ID | B1: Naam | C1: Uurloon | D1: Uurloon zonder ATV | E1: Functie toeslag | F1: Wekentelling | G1: Fase tarief | H1: Datum | I1: Code toeslag | J1: Som van Totaal uren | K1: Som van Subtotaal | L1: Tarief | N1: orf | O1: TF | P1: OF | Q1: ATV | R1: ATV | S1: marge | T1: 1 | U1: 1.33 | V1: 1.35 | W1: 1.8 | X1: 2 | Y1: 3 | Z1: 1.4 | AA1: 1.8 | AB1: 2 | AC1: 3 | AE1: Fase tarief | AF1: ORF | AG1: TF | AH1: OF | AI1: ATV
A2: 305518 | B2: Adrian Koson | C2: 15.89 | D2: 14.98 | E2: 0 | F2: 6 | G2: A | H2: 45985 | I2: Norm uren Dag | J2: 8 | K2: 240.32 | L2: =K2/J2 -> 30.04 | N2: =_xlfn.XLOOKUP(G2,'Tarievensheet per persoon'!AE:AE,'Tarievensheet per persoon'!AF:AF) -> 1.7025 | O2: =_xlfn.XLOOKUP(G2,AE:AE,'Tarievensheet per persoon'!AG:AG) -> 1.5642 | P2: =_xlfn.XLOOKUP(G2,AE:AE,'Tarievensheet per persoon'!AH:AH) -> 1.3552 | Q2: =_xlfn.XLOOKUP(G2,AE:AE,'Tarievensheet per persoon'!AI:AI) -> 1.3552 | R2: 0 | S2: 2.99 | T2: =C2*N2+C2*Q2*R2+S2+(E2*O2) -> 30.042725 | U2: =T2+C2*(U$1-1)*O2 -> 38.244921 | V2: =T2+C2*(V$1-1)*O2 -> 38.742023 | W2: =T2+C2*(W$1-1)*O2 -> 49.926835 | X2: =T2+C2*(X$1-1)*O2 -> 54.897863 | Y2: =T2+C2*(Y$1-1)*O2 -> 79.753001 | Z2: =D2*Z$1*P2 -> 28.421254 | AA2: =D2*AA$1*P2 -> 36.541613 | AB2: =D2*AB$1*P2 -> 40.601792 | AC2: =D2*AC$1*P2 -> 60.902688 | AE2: A | AF2: 1.7025 | AG2: 1.5642 | AH2: 1.3552 | AI2: 1.3552
A3: 305518 | B3: Adrian Koson | C3: 15.89 | D3: 14.98 | E3: 0 | F3: 6 | G3: A | H3: 45986 | I3: Norm uren Dag | J3: 8 | K3: 240.32 | L3: =K3/J3 -> 30.04 | N3: =_xlfn.XLOOKUP(G3,'Tarievensheet per persoon'!AE:AE,'Tarievensheet per persoon'!AF:AF) -> 1.7025 | O3: =_xlfn.XLOOKUP(G3,AE:AE,'Tarievensheet per persoon'!AG:AG) -> 1.5642 | P3: =_xlfn.XLOOKUP(G3,AE:AE,'Tarievensheet per persoon'!AH:AH) -> 1.3552 | Q3: =_xlfn.XLOOKUP(G3,AE:AE,'Tarievensheet per persoon'!AI:AI) -> 1.3552 | R3: 0 | S3: 2.99 | T3: =C3*N3+C3*Q3*R3+S3+(E3*O3) -> 30.042725 | U3: =T3+C3*(U$1-1)*O3 -> 38.244921 | V3: =T3+C3*(V$1-1)*O3 -> 38.742023 | W3: =T3+C3*(W$1-1)*O3 -> 49.926835 | X3: =T3+C3*(X$1-1)*O3 -> 54.897863 | Y3: =T3+C3*(Y$1-1)*O3 -> 79.753001 | Z3: =D3*Z$1*P3 -> 28.421254 | AA3: =D3*AA$1*P3 -> 36.541613 | AB3: =D3*AB$1*P3 -> 40.601792 | AC3: =D3*AC$1*P3 -> 60.902688 | AE3: B | AF3: 1.7068 | AG3: 1.5528 | AH3: 1.3392 | AI3: 1.3392
A4: 305518 | B4: Adrian Koson | C4: 15.89 | D4: 14.98 | E4: 0 | F4: 6 | G4: A | H4: 45987 | I4: Norm uren Dag | J4: 8 | K4: 240.32 | L4: =K4/J4 -> 30.04 | N4: =_xlfn.XLOOKUP(G4,'Tarievensheet per persoon'!AE:AE,'Tarievensheet per persoon'!AF:AF) -> 1.7025 | O4: =_xlfn.XLOOKUP(G4,AE:AE,'Tarievensheet per persoon'!AG:AG) -> 1.5642 | P4: =_xlfn.XLOOKUP(G4,AE:AE,'Tarievensheet per persoon'!AH:AH) -> 1.3552 | Q4: =_xlfn.XLOOKUP(G4,AE:AE,'Tarievensheet per persoon'!AI:AI) -> 1.3552 | R4: 0 | S4: 2.99 | T4: =C4*N4+C4*Q4*R4+S4+(E4*O4) -> 30.042725 | U4: =T4+C4*(U$1-1)*O4 -> 38.244921 | V4: =T4+C4*(V$1-1)*O4 -> 38.742023 | W4: =T4+C4*(W$1-1)*O4 -> 49.926835 | X4: =T4+C4*(X$1-1)*O4 -> 54.897863 | Y4: =T4+C4*(Y$1-1)*O4 -> 79.753001 | Z4: =D4*Z$1*P4 -> 28.421254 | AA4: =D4*AA$1*P4 -> 36.541613 | AB4: =D4*AB$1*P4 -> 40.601792 | AC4: =D4*AC$1*P4 -> 60.902688 | AE4: C | AF4: 1.6497 | AG4: 1.5022 | AH4: 1.2898 | AI4: 1.2898
A5: 305518 | B5: Adrian Koson | C5: 15.89 | D5: 14.98 | E5: 0 | F5: 6 | G5: A | H5: 45988 | I5: Norm uren Dag | J5: 8 | K5: 240.32 | L5: =K5/J5 -> 30.04 | N5: =_xlfn.XLOOKUP(G5,'Tarievensheet per persoon'!AE:AE,'Tarievensheet per persoon'!AF:AF) -> 1.7025 | O5: =_xlfn.XLOOKUP(G5,AE:AE,'Tarievensheet per persoon'!AG:AG) -> 1.5642 | P5: =_xlfn.XLOOKUP(G5,AE:AE,'Tarievensheet per persoon'!AH:AH) -> 1.3552 | Q5: =_xlfn.XLOOKUP(G5,AE:AE,'Tarievensheet per persoon'!AI:AI) -> 1.3552 | R5: 0 | S5: 2.99 | T5: =C5*N5+C5*Q5*R5+S5+(E5*O5) -> 30.042725 | U5: =T5+C5*(U$1-1)*O5 -> 38.244921 | V5: =T5+C5*(V$1-1)*O5 -> 38.742023 | W5: =T5+C5*(W$1-1)*O5 -> 49.926835 | X5: =T5+C5*(X$1-1)*O5 -> 54.897863 | Y5: =T5+C5*(Y$1-1)*O5 -> 79.753001 | Z5: =D5*Z$1*P5 -> 28.421254 | AA5: =D5*AA$1*P5 -> 36.541613 | AB5: =D5*AB$1*P5 -> 40.601792 | AC5: =D5*AC$1*P5 -> 60.902688
A6: 305518 | B6: Adrian Koson | C6: 15.89 | D6: 14.98 | E6: 0 | F6: 6 | G6: A | H6: 45989 | I6: Norm uren Dag | J6: 8 | K6: 240.32 | L6: =K6/J6 -> 30.04 | N6: =_xlfn.XLOOKUP(G6,'Tarievensheet per persoon'!AE:AE,'Tarievensheet per persoon'!AF:AF) -> 1.7025 | O6: =_xlfn.XLOOKUP(G6,AE:AE,'Tarievensheet per persoon'!AG:AG) -> 1.5642 | P6: =_xlfn.XLOOKUP(G6,AE:AE,'Tarievensheet per persoon'!AH:AH) -> 1.3552 | Q6: =_xlfn.XLOOKUP(G6,AE:AE,'Tarievensheet per persoon'!AI:AI) -> 1.3552 | R6: 0 | S6: 2.99 | T6: =C6*N6+C6*Q6*R6+S6+(E6*O6) -> 30.042725 | U6: =T6+C6*(U$1-1)*O6 -> 38.244921 | V6: =T6+C6*(V$1-1)*O6 -> 38.742023 | W6: =T6+C6*(W$1-1)*O6 -> 49.926835 | X6: =T6+C6*(X$1-1)*O6 -> 54.897863 | Y6: =T6+C6*(Y$1-1)*O6 -> 79.753001 | Z6: =D6*Z$1*P6 -> 28.421254 | AA6: =D6*AA$1*P6 -> 36.541613 | AB6: =D6*AB$1*P6 -> 40.601792 | AC6: =D6*AC$1*P6 -> 60.902688
A7: 326167 | B7: Piotr Wach | C7: 17.16 | D7: 16.17 | E7: 0 | F7: 109 | G7: B | H7: 45985 | I7: Norm uren Dag | J7: 7 | K7: 225.96 | L7: =K7/J7 -> 32.28 | N7: =_xlfn.XLOOKUP(G7,'Tarievensheet per persoon'!AE:AE,'Tarievensheet per persoon'!AF:AF) -> 1.7068 | O7: =_xlfn.XLOOKUP(G7,AE:AE,'Tarievensheet per persoon'!AG:AG) -> 1.5528 | P7: =_xlfn.XLOOKUP(G7,AE:AE,'Tarievensheet per persoon'!AH:AH) -> 1.3392 | Q7: =_xlfn.XLOOKUP(G7,AE:AE,'Tarievensheet per persoon'!AI:AI) -> 1.3392 | R7: 0 | S7: 2.99 | T7: =C7*N7+C7*Q7*R7+S7+(E7*O7) -> 32.278688 | U7: =T7+C7*(U$1-1)*O7 -> 41.071884 | V7: =T7+C7*(V$1-1)*O7 -> 41.604805 | W7: =T7+C7*(W$1-1)*O7 -> 53.595526 | X7: =T7+C7*(X$1-1)*O7 -> 58.924736 | Y7: =T7+C7*(Y$1-1)*O7 -> 85.570784 | Z7: =D7*Z$1*P7 -> 30.31681 | AA7: =D7*AA$1*P7 -> 38.978755 | AB7: =D7*AB$1*P7 -> 43.309728 | AC7: =D7*AC$1*P7 -> 64.964592
A8: 326167 | B8: Piotr Wach | C8: 17.16 | D8: 16.17 | E8: 0 | F8: 109 | G8: B | H8: 45985 | I8: T135 Dag | J8: 1 | K8: 41.61 | L8: =K8/J8 -> 41.61 | N8: =_xlfn.XLOOKUP(G8,'Tarievensheet per persoon'!AE:AE,'Tarievensheet per persoon'!AF:AF) -> 1.7068 | O8: =_xlfn.XLOOKUP(G8,AE:AE,'Tarievensheet per persoon'!AG:AG) -> 1.5528 | P8: =_xlfn.XLOOKUP(G8,AE:AE,'Tarievensheet per persoon'!AH:AH) -> 1.3392 | Q8: =_xlfn.XLOOKUP(G8,AE:AE,'Tarievensheet per persoon'!AI:AI) -> 1.3392 | R8: 0 | S8: 2.99 | T8: =C8*N8+C8*Q8*R8+S8+(E8*O8) -> 32.278688 | U8: =T8+C8*(U$1-1)*O8 -> 41.071884 | V8: =T8+C8*(V$1-1)*O8 -> 41.604805 | W8: =T8+C8*(W$1-1)*O8 -> 53.595526 | X8: =T8+C8*(X$1-1)*O8 -> 58.924736 | Y8: =T8+C8*(Y$1-1)*O8 -> 85.570784 | Z8: =D8*Z$1*P8 -> 30.31681 | AA8: =D8*AA$1*P8 -> 38.978755 | AB8: =D8*AB$1*P8 -> 43.309728 | AC8: =D8*AC$1*P8 -> 64.964592
A9: 326167 | B9: Piotr Wach | C9: 17.16 | D9: 16.17 | E9: 0 | F9: 109 | G9: B | H9: 45986 | I9: Norm uren Dag | J9: 7 | K9: 225.96 | L9: =K9/J9 -> 32.28 | N9: =_xlfn.XLOOKUP(G9,'Tarievensheet per persoon'!AE:AE,'Tarievensheet per persoon'!AF:AF) -> 1.7068 | O9: =_xlfn.XLOOKUP(G9,AE:AE,'Tarievensheet per persoon'!AG:AG) -> 1.5528 | P9: =_xlfn.XLOOKUP(G9,AE:AE,'Tarievensheet per persoon'!AH:AH) -> 1.3392 | Q9: =_xlfn.XLOOKUP(G9,AE:AE,'Tarievensheet per persoon'!AI:AI) -> 1.3392 | R9: 0 | S9: 2.99 | T9: =C9*N9+C9*Q9*R9+S9+(E9*O9) -> 32.278688 | U9: =T9+C9*(U$1-1)*O9 -> 41.071884 | V9: =T9+C9*(V$1-1)*O9 -> 41.604805 | W9: =T9+C9*(W$1-1)*O9 -> 53.595526 | X9: =T9+C9*(X$1-1)*O9 -> 58.924736 | Y9: =T9+C9*(Y$1-1)*O9 -> 85.570784 | Z9: =D9*Z$1*P9 -> 30.31681 | AA9: =D9*AA$1*P9 -> 38.978755 | AB9: =D9*AB$1*P9 -> 43.309728 | AC9: =D9*AC$1*P9 -> 64.964592
A10: 326167 | B10: Piotr Wach | C10: 17.16 | D10: 16.17 | E10: 0 | F10: 109 | G10: B | H10: 45986 | I10: T135 Dag | J10: 1 | K10: 41.61 | L10: =K10/J10 -> 41.61 | N10: =_xlfn.XLOOKUP(G10,'Tarievensheet per persoon'!AE:AE,'Tarievensheet per persoon'!AF:AF) -> 1.7068 | O10: =_xlfn.XLOOKUP(G10,AE:AE,'Tarievensheet per persoon'!AG:AG) -> 1.5528 | P10: =_xlfn.XLOOKUP(G10,AE:AE,'Tarievensheet per persoon'!AH:AH) -> 1.3392 | Q10: =_xlfn.XLOOKUP(G10,AE:AE,'Tarievensheet per persoon'!AI:AI) -> 1.3392 | R10: 0 | S10: 2.99 | T10: =C10*N10+C10*Q10*R10+S10+(E10*O10) -> 32.278688 | U10: =T10+C10*(U$1-1)*O10 -> 41.071884 | V10: =T10+C10*(V$1-1)*O10 -> 41.604805 | W10: =T10+C10*(W$1-1)*O10 -> 53.595526 | X10: =T10+C10*(X$1-1)*O10 -> 58.924736 | Y10: =T10+C10*(Y$1-1)*O10 -> 85.570784 | Z10: =D10*Z$1*P10 -> 30.31681 | AA10: =D10*AA$1*P10 -> 38.978755 | AB10: =D10*AB$1*P10 -> 43.309728 | AC10: =D10*AC$1*P10 -> 64.964592
A11: 326167 | B11: Piotr Wach | C11: 17.16 | D11: 16.17 | E11: 0 | F11: 109 | G11: B | H11: 45987 | I11: Norm uren Dag | J11: 6.5 | K11: 209.82 | L11: =K11/J11 -> 32.28 | N11: =_xlfn.XLOOKUP(G11,'Tarievensheet per persoon'!AE:AE,'Tarievensheet per persoon'!AF:AF) -> 1.7068 | O11: =_xlfn.XLOOKUP(G11,AE:AE,'Tarievensheet per persoon'!AG:AG) -> 1.5528 | P11: =_xlfn.XLOOKUP(G11,AE:AE,'Tarievensheet per persoon'!AH:AH) -> 1.3392 | Q11: =_xlfn.XLOOKUP(G11,AE:AE,'Tarievensheet per persoon'!AI:AI) -> 1.3392 | R11: 0 | S11: 2.99 | T11: =C11*N11+C11*Q11*R11+S11+(E11*O11) -> 32.278688 | U11: =T11+C11*(U$1-1)*O11 -> 41.071884 | V11: =T11+C11*(V$1-1)*O11 -> 41.604805 | W11: =T11+C11*(W$1-1)*O11 -> 53.595526 | X11: =T11+C11*(X$1-1)*O11 -> 58.924736 | Y11: =T11+C11*(Y$1-1)*O11 -> 85.570784 | Z11: =D11*Z$1*P11 -> 30.31681 | AA11: =D11*AA$1*P11 -> 38.978755 | AB11: =D11*AB$1*P11 -> 43.309728 | AC11: =D11*AC$1*P11 -> 64.964592
A12: 326167 | B12: Piotr Wach | C12: 17.16 | D12: 16.17 | E12: 0 | F12: 109 | G12: B | H12: 45987 | I12: OW140 Week | J12: 0.5 | K12: 15.16 | L12: =K12/J12 -> 30.32 | N12: =_xlfn.XLOOKUP(G12,'Tarievensheet per persoon'!AE:AE,'Tarievensheet per persoon'!AF:AF) -> 1.7068 | O12: =_xlfn.XLOOKUP(G12,AE:AE,'Tarievensheet per persoon'!AG:AG) -> 1.5528 | P12: =_xlfn.XLOOKUP(G12,AE:AE,'Tarievensheet per persoon'!AH:AH) -> 1.3392 | Q12: =_xlfn.XLOOKUP(G12,AE:AE,'Tarievensheet per persoon'!AI:AI) -> 1.3392 | R12: 0 | S12: 2.99 | T12: =C12*N12+C12*Q12*R12+S12+(E12*O12) -> 32.278688 | U12: =T12+C12*(U$1-1)*O12 -> 41.071884 | V12: =T12+C12*(V$1-1)*O12 -> 41.604805 | W12: =T12+C12*(W$1-1)*O12 -> 53.595526 | X12: =T12+C12*(X$1-1)*O12 -> 58.924736 | Y12: =T12+C12*(Y$1-1)*O12 -> 85.570784 | Z12: =D12*Z$1*P12 -> 30.31681 | AA12: =D12*AA$1*P12 -> 38.978755 | AB12: =D12*AB$1*P12 -> 43.309728 | AC12: =D12*AC$1*P12 -> 64.964592
A13: 326167 | B13: Piotr Wach | C13: 17.16 | D13: 16.17 | E13: 0 | F13: 109 | G13: B | H13: 45987 | I13: T135 Dag | J13: 1 | K13: 41.61 | L13: =K13/J13 -> 41.61 | N13: =_xlfn.XLOOKUP(G13,'Tarievensheet per persoon'!AE:AE,'Tarievensheet per persoon'!AF:AF) -> 1.7068 | O13: =_xlfn.XLOOKUP(G13,AE:AE,'Tarievensheet per persoon'!AG:AG) -> 1.5528 | P13: =_xlfn.XLOOKUP(G13,AE:AE,'Tarievensheet per persoon'!AH:AH) -> 1.3392 | Q13: =_xlfn.XLOOKUP(G13,AE:AE,'Tarievensheet per persoon'!AI:AI) -> 1.3392 | R13: 0 | S13: 2.99 | T13: =C13*N13+C13*Q13*R13+S13+(E13*O13) -> 32.278688 | U13: =T13+C13*(U$1-1)*O13 -> 41.071884 | V13: =T13+C13*(V$1-1)*O13 -> 41.604805 | W13: =T13+C13*(W$1-1)*O13 -> 53.595526 | X13: =T13+C13*(X$1-1)*O13 -> 58.924736 | Y13: =T13+C13*(Y$1-1)*O13 -> 85.570784 | Z13: =D13*Z$1*P13 -> 30.31681 | AA13: =D13*AA$1*P13 -> 38.978755 | AB13: =D13*AB$1*P13 -> 43.309728 | AC13: =D13*AC$1*P13 -> 64.964592
A14: 326167 | B14: Piotr Wach | C14: 17.16 | D14: 16.17 | E14: 0 | F14: 109 | G14: B | H14: 45988 | I14: Norm uren Dag | J14: 7.5 | K14: 242.1 | L14: =K14/J14 -> 32.28 | N14: =_xlfn.XLOOKUP(G14,'Tarievensheet per persoon'!AE:AE,'Tarievensheet per persoon'!AF:AF) -> 1.7068 | O14: =_xlfn.XLOOKUP(G14,AE:AE,'Tarievensheet per persoon'!AG:AG) -> 1.5528 | P14: =_xlfn.XLOOKUP(G14,AE:AE,'Tarievensheet per persoon'!AH:AH) -> 1.3392 | Q14: =_xlfn.XLOOKUP(G14,AE:AE,'Tarievensheet per persoon'!AI:AI) -> 1.3392 | R14: 0 | S14: 2.99 | T14: =C14*N14+C14*Q14*R14+S14+(E14*O14) -> 32.278688 | U14: =T14+C14*(U$1-1)*O14 -> 41.071884 | V14: =T14+C14*(V$1-1)*O14 -> 41.604805 | W14: =T14+C14*(W$1-1)*O14 -> 53.595526 | X14: =T14+C14*(X$1-1)*O14 -> 58.924736 | Y14: =T14+C14*(Y$1-1)*O14 -> 85.570784 | Z14: =D14*Z$1*P14 -> 30.31681 | AA14: =D14*AA$1*P14 -> 38.978755 | AB14: =D14*AB$1*P14 -> 43.309728 | AC14: =D14*AC$1*P14 -> 64.964592
A15: 326167 | B15: Piotr Wach | C15: 17.16 | D15: 16.17 | E15: 0 | F15: 109 | G15: B | H15: 45988 | I15: T135 Dag | J15: 1 | K15: 41.61 | L15: =K15/J15 -> 41.61 | N15: =_xlfn.XLOOKUP(G15,'Tarievensheet per persoon'!AE:AE,'Tarievensheet per persoon'!AF:AF) -> 1.7068 | O15: =_xlfn.XLOOKUP(G15,AE:AE,'Tarievensheet per persoon'!AG:AG) -> 1.5528 | P15: =_xlfn.XLOOKUP(G15,AE:AE,'Tarievensheet per persoon'!AH:AH) -> 1.3392 | Q15: =_xlfn.XLOOKUP(G15,AE:AE,'Tarievensheet per persoon'!AI:AI) -> 1.3392 | R15: 0 | S15: 2.99 | T15: =C15*N15+C15*Q15*R15+S15+(E15*O15) -> 32.278688 | U15: =T15+C15*(U$1-1)*O15 -> 41.071884 | V15: =T15+C15*(V$1-1)*O15 -> 41.604805 | W15: =T15+C15*(W$1-1)*O15 -> 53.595526 | X15: =T15+C15*(X$1-1)*O15 -> 58.924736 | Y15: =T15+C15*(Y$1-1)*O15 -> 85.570784 | Z15: =D15*Z$1*P15 -> 30.31681 | AA15: =D15*AA$1*P15 -> 38.978755 | AB15: =D15*AB$1*P15 -> 43.309728 | AC15: =D15*AC$1*P15 -> 64.964592
A16: 326167 | B16: Piotr Wach | C16: 17.16 | D16: 16.17 | E16: 0 | F16: 109 | G16: B | H16: 45989 | I16: Norm uren Dag | J16: 7 | K16: 225.96 | L16: =K16/J16 -> 32.28 | N16: =_xlfn.XLOOKUP(G16,'Tarievensheet per persoon'!AE:AE,'Tarievensheet per persoon'!AF:AF) -> 1.7068 | O16: =_xlfn.XLOOKUP(G16,AE:AE,'Tarievensheet per persoon'!AG:AG) -> 1.5528 | P16: =_xlfn.XLOOKUP(G16,AE:AE,'Tarievensheet per persoon'!AH:AH) -> 1.3392 | Q16: =_xlfn.XLOOKUP(G16,AE:AE,'Tarievensheet per persoon'!AI:AI) -> 1.3392 | R16: 0 | S16: 2.99 | T16: =C16*N16+C16*Q16*R16+S16+(E16*O16) -> 32.278688 | U16: =T16+C16*(U$1-1)*O16 -> 41.071884 | V16: =T16+C16*(V$1-1)*O16 -> 41.604805 | W16: =T16+C16*(W$1-1)*O16 -> 53.595526 | X16: =T16+C16*(X$1-1)*O16 -> 58.924736 | Y16: =T16+C16*(Y$1-1)*O16 -> 85.570784 | Z16: =D16*Z$1*P16 -> 30.31681 | AA16: =D16*AA$1*P16 -> 38.978755 | AB16: =D16*AB$1*P16 -> 43.309728 | AC16: =D16*AC$1*P16 -> 64.964592
... A812: 454524 | B812: Maciej Lopusiewicz | C812: 15.89 | D812: 14.98 | E812: 0 | F812: 1 | G812: A | H812: 45989 | I812: T133 Dag | J812: 4.75 | K812: 181.64 | L812: =K812/J812 -> 38.24 | N812: =_xlfn.XLOOKUP(G812,'Tarievensheet per persoon'!AE:AE,'Tarievensheet per persoon'!AF:AF) -> 1.7025 | O812: =_xlfn.XLOOKUP(G812,AE:AE,'Tarievensheet per persoon'!AG:AG) -> 1.5642 | P812: =_xlfn.XLOOKUP(G812,AE:AE,'Tarievensheet per persoon'!AH:AH) -> 1.3552 | Q812: =_xlfn.XLOOKUP(G812,AE:AE,'Tarievensheet per persoon'!AI:AI) -> 1.3552 | R812: 0 | S812: 2.99 | T812: =C812*N812+C812*Q812*R812+S812+(E812*O812) -> 30.042725 | U812: =T812+C812*(U$1-1)*O812 -> 38.244921 | V812: =T812+C812*(V$1-1)*O812 -> 38.742023 | W812: =T812+C812*(W$1-1)*O812 -> 49.926835 | X812: =T812+C812*(X$1-1)*O812 -> 54.897863 | Y812: =T812+C812*(Y$1-1)*O812 -> 79.753001 | Z812: =D812*Z$1*P812 -> 28.421254 | AA812: =D812*AA$1*P812 -> 36.541613 | AB812: =D812*AB$1*P812 -> 40.601792 | AC812: =D812*AC$1*P812 -> 60.902688
A813: Eindtotaal | J813: 4073 | K813: 133200.89
