Workbook

Sheet Blad1
A1: Personeelsnummer | B1: Achternaam | C1: Voornaam | D1: Wekenteller | E1: Schaal | F1: Uurloon incl. ATV | G1: Uurloon excl. ATV | H1: 1 | I1: 1.33 | J1: 1.35 | K1: 1.8 | L1: 2 | M1: 1.4 | N1: 1.8 | O1: 2
B2: Cimoszko | C2: Adam | E2: D0 | F2: 16.79 | G2: 15.82 | H2: 31.57 | I2: 40.24 | J2: 40.77 | K2: 52.59 | L2: 56.32 | M2: 30.02 | N2: 38.59 | O2: 42.88 | Q2: =G2*1.7058 -> 26.985756
A3: 374420 | B3: Cwioro | C3: Agnieszka | D3: 222 | E3: A4 | F3: 16.14 | G3: 15.209197 | H3: 29.616158 | I3: 37.617176 | J3: 38.102086 | K3: 49.012564 | L3: 52.463414 | M3: 27.463551 | N3: 35.31028 | O3: 39.233645 | Q3: =H2-Q2 -> 4.584244 | R3: MARGE
A4: 349489 | B4: Kosior | C4: Agnieszka | D4: 3 | E4: A0 | F4: 15.35 | G4: 14.47 | H4: 29.123375 | I4: 37.04683 | J4: 37.52704 | K4: 48.331751 | L4: 53.133845 | M4: 27.453642 | N4: 35.297539 | O4: 39.219488
B5: Rogalska | C5: Agnieszka | E5: A0 | F5: 15.35 | G5: 14.47 | H5: 29.123375 | I5: 37.04683 | J5: 37.52704 | K5: 48.331751 | L5: 53.133845 | M5: 27.453642 | N5: 35.297539 | O5: 39.219488 | Q5: =0.33 * 1.5695 * 14.47 -> 7.4945195
A6: 379930 | B6: Ziolkowska | C6: Agnieszka | D6: 103 | E6: A2 | F6: 15.75 | G6: 14.841689 | H6: 29.8721 | I6: 37.942778 | J6: 38.43191 | K6: 49.43738 | L6: 52.918274 | M6: 27.826385 | N6: 35.776781 | O6: 39.751979 | Q6: =I2-H2 -> 8.67
A7: 438333 | B7: Garcia Ocampo | C7: Alejandro | E7: A0 | F7: 15.35 | G7: 14.47 | H7: 29.123375 | I7: 37.04683 | J7: 37.52704 | K7: 48.331751 | L7: 53.133845 | M7: 27.453642 | N7: 35.297539 | O7: 39.219488
A8: 438061 | B8: Ciszewska | C8: Aleksandra | E8: A0 | F8: 15.35 | G8: 14.47 | H8: 29.123375 | I8: 37.04683 | J8: 37.52704 | K8: 48.331751 | L8: 53.133845 | M8: 27.453642 | N8: 35.297539 | O8: 39.219488
A9: 438252 | B9: Spataru | C9: Alexandru | E9: A0 | F9: 15.35 | G9: 14.47 | H9: 29.123375 | I9: 37.04683 | J9: 37.52704 | K9: 48.331751 | L9: 53.133845 | M9: 27.453642 | N9: 35.297539 | O9: 39.219488
A10: 438639 | B10: Ionas | C10: Alin | E10: A0 | F10: 15.35 | G10: 14.47 | H10: 29.123375 | I10: 37.04683 | J10: 37.52704 | K10: 48.331751 | L10: 53.133845 | M10: 27.453642 | N10: 35.297539 | O10: 39.219488
A11: 409766 | B11: Calzado Marin | C11: Alvaro | D11: 50 | E11: C1 | F11: 16.58 | G11: 15.623822 | H11: 31.21745 | I11: 39.775814 | J11: 40.294503 | K11: 51.964999 | L11: 55.656233 | M11: 29.642765 | N11: 38.112127 | O11: 42.346807
A12: 375350 | B12: Jankowski | C12: Andrzej | D12: 13 | E12: B6 | F12: 17.27 | G12: 16.274029 | H12: 32.392175 | I12: 41.306707 | J12: 41.846982 | K12: 54.003162 | L12: 57.848012 | M12: 30.876391 | N12: 39.698216 | O12: 44.109129
A13: 438313 | B13: Damaso Gonzalez | C13: Angel | E13: A0 | F13: 15.35 | G13: 14.47 | H13: 29.123375 | I13: 37.04683 | J13: 37.52704 | K13: 48.331751 | L13: 53.133845 | M13: 27.453642 | N13: 35.297539 | O13: 39.219488
A14: 374795 | B14: Cyran | C14: Anna | D14: 71 | E14: A1 | F14: 15.55 | G14: 14.653223 | H14: 29.53074 | I14: 37.498933 | J14: 37.981854 | K14: 48.847572 | L14: 52.284264 | M14: 27.473034 | N14: 35.322473 | O14: 39.247192
A15: 374953 | B15: Gajewska | C15: Anna | D15: 307 | E15: B3 | F15: 16.63 | G15: 15.670939 | H15: 30.424511 | I15: 38.668434 | J15: 39.168066 | K15: 50.40978 | L15: 53.965395 | M15: 28.297327 | N15: 36.382278 | O15: 40.424753
A16: 367459 | B16: Kulak | C16: Anna | D16: 88 | E16: A2 | F16: 15.75 | G16: 14.841689 | H16: 29.8721 | I16: 37.942778 | J16: 38.43191 | K16: 49.43738 | L16: 52.918274 | M16: 27.826385 | N16: 35.776781 | O16: 39.751979
A17: 385246 | B17: Mikulska | C17: Anna | D17: 23 | E17: A0 | F17: 15.35 | G17: 14.47 | H17: 29.123375 | I17: 37.04683 | J17: 37.52704 | K17: 48.331751 | L17: 53.133845 | M17: 27.453642 | N17: 35.297539 | O17: 39.219488
A18: 421717 | B18: Recka | C18: Anna | E18: A0 | F18: 15.35 | G18: 14.47 | H18: 29.123375 | I18: 37.04683 | J18: 37.52704 | K18: 48.331751 | L18: 53.133845 | M18: 27.453642 | N18: 35.297539 | O18: 39.219488
A19: 438239 | B19: Manuca | C19: Antonio | E19: A0 | F19: 15.35 | G19: 14.47 | H19: 29.123375 | I19: 37.04683 | J19: 37.52704 | K19: 48.331751 | L19: 53.133845 | M19: 27.453642 | N19: 35.297539 | O19: 39.219488
A20: 438076 | B20: Koralewski | C20: Arkadiusz | E20: A0 | F20: 15.35 | G20: 14.47 | H20: 29.123375 | I20: 37.04683 | J20: 37.52704 | K20: 48.331751 | L20: 53.133845 | M20: 27.453642 | N20: 35.297539 | O20: 39.219488
A21: 410631 | B21: Bisliukas | C21: Armandas | D21: 47 | E21: C1 | F21: 16.58 | G21: 15.623822 | H21: 31.21745 | I21: 39.775814 | J21: 40.294503 | K21: 51.964999 | L21: 55.656233 | M21: 29.642765 | N21: 38.112127 | O21: 42.346807
A22: 401068 | B22: Holubowska | C22: Barbara | D22: 55 | E22: A1 | F22: 15.55 | G22: 14.653223 | H22: 29.53074 | I22: 37.498933 | J22: 37.981854 | K22: 48.847572 | L22: 52.284264 | M22: 27.473034 | N22: 35.322473 | O22: 39.247192
A23: 399664 | B23: Baraniuk | C23: Beata | E23: A0 | F23: 15.35 | G23: 14.47 | H23: 29.123375 | I23: 37.04683 | J23: 37.52704 | K23: 48.331751 | L23: 53.133845 | M23: 27.453642 | N23: 35.297539 | O23: 39.219488
A24: 374549 | B24: Marczak | C24: Beata | D24: 159 | E24: A3 | F24: 15.95 | G24: 15.030155 | H24: 30.21346 | I24: 38.386623 | J24: 38.881966 | K24: 50.027188 | L24: 54.98062 | M24: 28.179736 | N24: 36.231089 | O24: 40.256766
A25: 374526 | B25: Mlynarczyk | C25: Bogumil | D25: 216 | E25: B3 | F25: 16.63 | G25: 15.670939 | H25: 30.424511 | I25: 38.668434 | J25: 39.168066 | K25: 50.40978 | L25: 53.965395 | M25: 28.297327 | N25: 36.382278 | O25: 40.424753
A26: 408119 | B26: Hanus | C26: Branislav | D26: 26 | E26: C0 | F26: 16.34 | G26: 15.397663 | H26: 30.80885 | I26: 39.243329 | J26: 39.75451 | K26: 51.256072 | L26: 54.893875 | M26: 29.213678 | N26: 37.560443 | O26: 41.733826
A27: 429524 | B27: Filipek | C27: Damian | E27: A0 | F27: 15.35 | G27: 14.47 | H27: 29.123375 | I27: 37.04683 | J27: 37.52704 | K27: 48.331751 | L27: 53.133845 | M27: 27.453642 | N27: 35.297539 | O27: 39.219488
A28: 333051 | B28: Motyka | C28: Damian | E28: A0 | F28: 15.35 | G28: 14.47 | H28: 29.123375 | I28: 37.04683 | J28: 37.52704 | K28: 48.331751 | L28: 53.133845 | M28: 27.453642 | N28: 35.297539 | O28: 39.219488
A29: 429618 | B29: Ferradas Echevarria | C29: Daniel | D29: 14 | E29: B0 | F29: 15.98 | G29: 15.058424 | H29: 30.19595 | I29: 38.444602 | J29: 38.944521 | K29: 50.192683 | L29: 53.750337 | M29: 28.570047 | N29: 36.732918 | O29: 40.814354
A30: 438671 | B30: Lopez Ventura | C30: Daniel | E30: A0 | F30: 15.35 | G30: 14.47 | H30: 29.123375 | I30: 37.04683 | J30: 37.52704 | K30: 48.331751 | L30: 53.133845 | M30: 27.453642 | N30: 35.297539 | O30: 39.219488
A31: 420508 | B31: Pikta | C31: Daniel | D31: 13 | E31: C0 | F31: 16.34 | G31: 15.397663 | H31: 30.80885 | I31: 39.243329 | J31: 39.75451 | K31: 51.256072 | L31: 54.893875 | M31: 29.213678 | N31: 37.560443 | O31: 41.733826
A32: 408973 | B32: Wilczak | C32: Daniel | E32: A0 | F32: 15.35 | G32: 14.47 | H32: 29.123375 | I32: 37.04683 | J32: 37.52704 | K32: 48.331751 | L32: 53.133845 | M32: 27.453642 | N32: 35.297539 | O32: 39.219488
A33: 421890 | B33: Adamska | C33: Daria | D33: 25 | E33: A0 | F33: 15.35 | G33: 14.47 | H33: 29.123375 | I33: 37.04683 | J33: 37.52704 | K33: 48.331751 | L33: 53.133845 | M33: 27.453642 | N33: 35.297539 | O33: 39.219488
A34: 429728 | B34: Major | C34: Daria | D34: 3 | E34: A0 | F34: 15.35 | G34: 14.47 | H34: 29.123375 | I34: 37.04683 | J34: 37.52704 | K34: 48.331751 | L34: 53.133845 | M34: 27.453642 | N34: 35.297539 | O34: 39.219488
A35: 374814 | B35: Glabien | C35: Dariusz | D35: 267 | E35: B6 | F35: 17.27 | G35: 16.274029 | H35: 31.480319 | I35: 40.041507 | J35: 40.560367 | K35: 52.234714 | L35: 55.927166 | M35: 29.38634 | N35: 37.782438 | O35: 41.980486
A36: 422226 | B36: Babics | C36: David | D36: 26 | E36: A0 | F36: 15.35 | G36: 14.47 | H36: 29.123375 | I36: 37.04683 | J36: 37.52704 | K36: 48.331751 | L36: 53.133845 | M36: 27.453642 | N36: 35.297539 | O36: 39.219488
A37: 434089 | B37: Ciz | C37: David | D37: 4 | E37: A0 | F37: 15.35 | G37: 14.47 | H37: 29.123375 | I37: 37.04683 | J37: 37.52704 | K37: 48.331751 | L37: 53.133845 | M37: 27.453642 | N37: 35.297539 | O37: 39.219488
A38: 374801 | B38: Kutermak | C38: Dawid | D38: 187 | E38: C3 | F38: 17.03 | G38: 16.04787 | H38: 32.056804 | I38: 40.783385 | J38: 41.312268 | K38: 53.212151 | L38: 56.975937 | M38: 30.087831 | N38: 38.684354 | O38: 42.982616
A39: 351945 | B39: Szpakowski | C39: Dawid | D39: 95 | E39: B2 | F39: 16.41 | G39: 15.463626 | H39: 30.998588 | I39: 39.407466 | J39: 39.917095 | K39: 51.383746 | L39: 55.010507 | M39: 28.992443 | N39: 37.275998 | O39: 41.417776
A40: 429551 | B40: Kijak | C40: Dominik | D40: 5 | E40: A0 | F40: 15.35 | G40: 14.47 | H40: 29.123375 | I40: 37.04683 | J40: 37.52704 | K40: 48.331751 | L40: 53.133845 | M40: 27.453642 | N40: 35.297539 | O40: 39.219488
A41: 415203 | B41: Szulewska | C41: Dorota | D41: 31 | E41: B0 | F41: 15.98 | G41: 15.058424 | H41: 30.19595 | I41: 38.444602 | J41: 38.944521 | K41: 50.192683 | L41: 53.750337 | M41: 28.570047 | N41: 36.732918 | O41: 40.814354
A42: 415979 | B42: Colaco | C42: Eden | D42: 29 | E42: C1 | F42: 16.58 | G42: 15.623822 | H42: 31.21745 | I42: 39.775814 | J42: 40.294503 | K42: 51.964999 | L42: 55.656233 | M42: 29.642765 | N42: 38.112127 | O42: 42.346807
B43: Rusnik | C43: Edward | E43: A0 | F43: 15.35 | G43: 14.47 | H43: 29.123375 | I43: 37.04683 | J43: 37.52704 | K43: 48.331751 | L43: 53.133845 | M43: 27.453642 | N43: 35.297539 | O43: 39.219488
A44: 425174 | B44: Nemeti | C44: Elisei | E44: A0 | F44: 15.35 | G44: 14.47 | H44: 29.123375 | I44: 37.04683 | J44: 37.52704 | K44: 48.331751 | L44: 53.133845 | M44: 27.453642 | N44: 35.297539 | O44: 39.219488
A45: 349359 | B45: Przybyszewska | C45: Elzbieta | D45: 98 | E45: A2 | F45: 15.75 | G45: 14.841689 | H45: 29.8721 | I45: 37.942778 | J45: 38.43191 | K45: 49.43738 | L45: 52.918274 | M45: 27.826385 | N45: 35.776781 | O45: 39.751979
A46: 401907 | B46: Koszny | C46: Ewa | D46: 53 | E46: A1 | F46: 15.55 | G46: 14.653223 | H46: 29.53074 | I46: 37.498933 | J46: 37.981854 | K46: 48.847572 | L46: 52.284264 | M46: 27.473034 | N46: 35.322473 | O46: 39.247192
A47: 438775 | B47: Vaivod | C47: Gabriel | E47: A0 | F47: 15.35 | G47: 14.47 | H47: 29.123375 | I47: 37.04683 | J47: 37.52704 | K47: 48.331751 | L47: 53.133845 | M47: 27.453642 | N47: 35.297539 | O47: 39.219488
A48: 439469 | B48: Cimponer | C48: Georgiana | E48: A0 | F48: 15.35 | G48: 14.47 | H48: 29.123375 | I48: 37.04683 | J48: 37.52704 | K48: 48.331751 | L48: 53.133845 | M48: 27.453642 | N48: 35.297539 | O48: 39.219488
A49: 437659 | B49: Kasileviciute | C49: Gerda | E49: E4 | F49: 18.49 | G49: 17.42 | H49: 33.49 | I49: 42.66 | J49: 43.21 | K49: 55.71 | L49: 61.27 | M49: 31.46 | N49: 40.44 | O49: 44.94
A50: 414948 | B50: Dlugolecki | C50: Grzegorz | D50: 1 | E50: C0 | F50: 16.34 | G50: 15.397663 | H50: 30.80885 | I50: 39.243329 | J50: 39.75451 | K50: 51.256072 | L50: 54.893875 | M50: 29.213678 | N50: 37.560443 | O50: 41.733826
A51: 320454 | B51: Potapski | C51: Grzegorz | D51: 93 | E51: B2 | F51: 16.41 | G51: 15.463626 | H51: 30.998588 | I51: 39.407466 | J51: 39.917095 | K51: 51.383746 | L51: 55.010507 | M51: 28.992443 | N51: 37.275998 | O51: 41.417776
A52: 435285 | B52: Wojdylo | C52: Grzegorz | E52: A0 | F52: 15.35 | G52: 14.47 | H52: 29.123375 | I52: 37.04683 | J52: 37.52704 | K52: 48.331751 | L52: 53.133845 | M52: 27.453642 | N52: 35.297539 | O52: 39.219488
A53: 429552 | B53: Kijak | C53: Hanna | D53: 5 | E53: A0 | F53: 15.35 | G53: 14.47 | H53: 29.123375 | I53: 37.04683 | J53: 37.52704 | K53: 48.331751 | L53: 53.133845 | M53: 27.453642 | N53: 35.297539 | O53: 39.219488
A54: 366075 | B54: Koltonowska | C54: Honorata | D54: 97 | E54: A2 | F54: 15.75 | G54: 14.841689 | H54: 29.8721 | I54: 37.942778 | J54: 38.43191 | K54: 49.43738 | L54: 54.3287 | M54: 27.826385 | N54: 35.776781 | O54: 39.751979
A55: 327884 | B55: Moldovanov | C55: Hristian | E55: A0 | F55: 15.35 | G55: 14.47 | H55: 29.123375 | I55: 37.04683 | J55: 37.52704 | K55: 48.331751 | L55: 53.133845 | M55: 27.453642 | N55: 35.297539 | O55: 39.219488
A56: 438924 | B56: Arhipova | C56: Inna | E56: A0 | F56: 15.35 | G56: 14.47 | H56: 29.123375 | I56: 37.04683 | J56: 37.52704 | K56: 48.331751 | L56: 53.133845 | M56: 27.453642 | N56: 35.297539 | O56: 39.219488
A57: 438472 | B57: Toana | C57: Ionel | E57: A0 | F57: 15.35 | G57: 14.47 | H57: 29.123375 | I57: 37.04683 | J57: 37.52704 | K57: 48.331751 | L57: 53.133845 | M57: 27.453642 | N57: 35.297539 | O57: 39.219488
A58: 374877 | B58: Kupcikova | C58: Iva | D58: 155 | E58: A3 | F58: 15.95 | G58: 15.030155 | H58: 30.21346 | I58: 38.386623 | J58: 38.881966 | K58: 50.027188 | L58: 53.552284 | M58: 28.179736 | N58: 36.231089 | O58: 40.256766
A59: 402155 | B59: Chwalinska | C59: Izabela | D59: 60 | E59: A1 | F59: 15.55 | G59: 14.653223 | H59: 29.53074 | I59: 37.498933 | J59: 37.981854 | K59: 48.847572 | L59: 52.284264 | M59: 27.473034 | N59: 35.322473 | O59: 39.247192
A60: 377547 | B60: Oleksy | C60: Izabela | E60: A2 | F60: 15.75 | G60: 14.841689 | H60: 29.8721 | I60: 37.942778 | J60: 38.43191 | K60: 49.43738 | L60: 52.918274 | M60: 27.826385 | N60: 35.776781 | O60: 39.751979
A61: 434037 | B61: Podstavek | C61: Jakub | D61: 4 | E61: A0 | F61: 15.35 | G61: 14.47 | H61: 29.123375 | I61: 37.04683 | J61: 37.52704 | K61: 48.331751 | L61: 53.133845 | M61: 27.453642 | N61: 35.297539 | O61: 39.219488
A62: 371131 | B62: Czajkowski | C62: Jaroslaw | D62: 98 | E62: C2 | F62: 16.8 | G62: 15.831135 | H62: 31.66424 | I62: 40.272963 | J62: 40.794704 | K62: 52.533872 | L62: 56.246826 | M62: 29.681478 | N62: 38.1619 | O62: 42.402111
A63: 380663 | B63: Muc | C63: Jerzy | D63: 88 | E63: A2 | F63: 15.75 | G63: 14.841689 | H63: 29.8721 | I63: 37.942778 | J63: 38.43191 | K63: 49.43738 | L63: 52.918274 | M63: 27.826385 | N63: 35.776781 | O63: 39.751979
A64: 416114 | B64: Perczyk | C64: Justyna | D64: 3 | E64: A0 | F64: 15.35 | G64: 14.47 | H64: 29.123375 | I64: 37.04683 | J64: 37.52704 | K64: 48.331751 | L64: 53.133845 | M64: 27.453642 | N64: 35.297539 | O64: 39.219488
A65: 423179 | B65: Mierzejewski | C65: Kamil | D65: 23 | E65: A0 | F65: 15.35 | G65: 14.47 | H65: 29.123375 | I65: 37.04683 | J65: 37.52704 | K65: 48.331751 | L65: 53.133845 | M65: 27.453642 | N65: 35.297539 | O65: 39.219488
A66: 379371 | B66: Jaroszewska | C66: Karolina | D66: 121 | E66: A2 | F66: 15.75 | G66: 14.841689 | H66: 29.8721 | I66: 37.942778 | J66: 38.43191 | K66: 49.43738 | L66: 52.918274 | M66: 27.826385 | N66: 35.776781 | O66: 39.751979
A67: 366002 | B67: Kondrowska | C67: Karolina | D67: 19 | E67: A0 | F67: 15.35 | G67: 14.47 | H67: 29.123375 | I67: 37.04683 | J67: 37.52704 | K67: 48.331751 | L67: 53.133845 | M67: 27.453642 | N67: 35.297539 | O67: 39.219488
A68: 379226 | B68: Mlodzinska | C68: Karolina | D68: 132 | E68: A3 | F68: 15.95 | G68: 15.030155 | H68: 30.21346 | I68: 38.386623 | J68: 38.881966 | K68: 50.027188 | L68: 53.552284 | M68: 28.179736 | N68: 36.231089 | O68: 40.256766
A69: 379213 | B69: Kaziura | C69: Katarzyna | D69: 100 | E69: B2 | F69: 16.41 | G69: 15.463626 | H69: 30.998588 | I69: 39.407466 | J69: 39.917095 | K69: 51.383746 | L69: 55.010507 | M69: 28.992443 | N69: 37.275998 | O69: 41.417776
A70: 374816 | B70: Kutkiewicz | C70: Katarzyna | D70: 140 | E70: A3 | F70: 15.95 | G70: 15.030155 | H70: 30.21346 | I70: 38.386623 | J70: 38.881966 | K70: 50.027188 | L70: 53.552284 | M70: 28.179736 | N70: 36.231089 | O70: 40.256766
A71: 411494 | B71: Skrzypczak | C71: Kewin | D71: 49 | E71: A1 | F71: 15.55 | G71: 14.653223 | H71: 29.463875 | I71: 37.490567 | J71: 37.977034 | K71: 48.922523 | L71: 52.384446 | M71: 27.801266 | N71: 35.744485 | O71: 39.716095
A72: 377554 | B72: Bender | C72: Kinga | D72: 89 | E72: B1 | F72: 16.2 | G72: 15.265737 | H72: 30.64016 | I72: 38.941429 | J72: 39.444536 | K72: 50.764448 | L72: 54.344796 | M72: 28.621425 | N72: 36.798975 | O72: 40.88775
A73: 437713 | B73: Tamosiunas | C73: Kipras | E73: C0 | F73: 16.34 | G73: 15.4 | H73: 30.81 | I73: 39.243329 | J73: 39.75 | K73: 51.256072 | L73: 54.893875 | M73: 29.213678 | N73: 37.560443 | O73: 41.733826
A74: 379214 | B74: Kaziura | C74: Klaudiusz | D74: 100 | E74: B2 | F74: 16.41 | G74: 15.463626 | H74: 30.998588 | I74: 39.407466 | J74: 39.917095 | K74: 51.383746 | L74: 55.010507 | M74: 28.992443 | N74: 37.275998 | O74: 41.417776
A75: 435406 | B75: Kocel | C75: Konrad | E75: A0 | F75: 15.35 | G75: 14.47 | H75: 29.123375 | I75: 37.04683 | J75: 37.52704 | K75: 48.331751 | L75: 53.133845 | M75: 27.453642 | N75: 35.297539 | O75: 39.219488
A76: 410116 | B76: Mogilnicki | C76: Konrad | D76: 49 | E76: D1 | F76: 17.04 | G76: 16.057294 | H76: 32.0006 | I76: 40.796409 | J76: 41.329489 | K76: 53.323774 | L76: 57.117419 | M76: 30.465182 | N76: 39.16952 | O76: 43.521689
A77: 402394 | B77: Sulewski | C77: Konrad | D77: 60 | E77: D1 | F77: 17.04 | G77: 16.057294 | H77: 32.073872 | I77: 40.805577 | J77: 41.334771 | K77: 53.241642 | L77: 57.007638 | M77: 30.105499 | N77: 38.70707 | O77: 43.007855
A78: 374909 | B78: Pasiali | C78: Krystyna | D78: 275 | E78: B4 | F78: 16.84 | G78: 15.868828 | H78: 30.770948 | I78: 39.118974 | J78: 39.624915 | K78: 51.008586 | L78: 54.609101 | M78: 28.65466 | N78: 36.841705 | O78: 40.935228
A79: 337453 | B79: Polanski | C79: Krzysztof | D79: 9 | E79: A0 | F79: 15.35 | G79: 14.47 | H79: 29.123375 | I79: 37.04683 | J79: 37.52704 | K79: 48.331751 | L79: 53.133845 | M79: 27.453642 | N79: 35.297539 | O79: 39.219488
A80: 438314 | B80: Fernandes Lopes | C80: Leticia | E80: A0 | F80: 15.35 | G80: 14.47 | H80: 29.123375 | I80: 37.04683 | J80: 37.52704 | K80: 48.331751 | L80: 53.133845 | M80: 27.453642 | N80: 35.297539 | O80: 39.219488
A81: 433625 | B81: Maksin | C81: Lubos | D81: 5 | E81: A0 | F81: 15.98 | G81: 15.058424 | H81: 30.19595 | I81: 38.444602 | J81: 38.944521 | K81: 50.192683 | L81: 53.750337 | M81: 28.570047 | N81: 36.732918 | O81: 40.814354
A82: 430948 | B82: Baselga Alvarez de Lorenzana | C82: Lucia | D82: 10 | E82: A0 | F82: 15.35 | G82: 14.464757 | H82: 29.123375 | I82: 37.04683 | J82: 37.52704 | K82: 48.331751 | L82: 51.757349 | M82: 27.453642 | N82: 35.297539 | O82: 39.219488
A83: 436269 | B83: Hajduk | C83: Lukasz | E83: A0 | F83: 15.35 | G83: 14.47 | H83: 29.123375 | I83: 37.04683 | J83: 37.52704 | K83: 48.331751 | L83: 53.133845 | M83: 27.453642 | N83: 35.297539 | O83: 39.219488
A84: 411940 | B84: Wolanin | C84: Maciej | D84: 35 | E84: B1 | F84: 16.2 | G84: 15.265737 | H84: 30.5705 | I84: 38.932713 | J84: 39.439514 | K84: 50.842532 | L84: 55.91054 | M84: 28.963377 | N84: 37.238628 | O84: 41.376253
A85: 421714 | B85: Marek | C85: Magdalena | D85: 25 | E85: A0 | F85: 15.35 | G85: 14.47 | H85: 29.123375 | I85: 37.04683 | J85: 37.52704 | K85: 48.331751 | L85: 53.133845 | M85: 27.453642 | N85: 35.297539 | O85: 39.219488
A86: 434591 | B86: Pasieka | C86: Malgorzata | D86: 1 | E86: A0 | F86: 15.35 | G86: 14.47 | H86: 29.123375 | I86: 37.04683 | J86: 37.52704 | K86: 48.331751 | L86: 53.133845 | M86: 27.453642 | N86: 35.297539 | O86: 39.219488
A87: 403842 | B87: Urbanowicz | C87: Malgorzata | D87: 51 | E87: A1 | F87: 15.55 | G87: 14.653223 | H87: 29.463875 | I87: 37.490567 | J87: 37.977034 | K87: 48.922523 | L87: 52.384446 | M87: 27.801266 | N87: 35.744485 | O87: 39.716095
A88: 438201 | B88: Grucelski | C88: Marcin | E88: A0 | F88: 15.35 | G88: 14.47 | H88: 29.123375 | I88: 37.04683 | J88: 37.52704 | K88: 48.331751 | L88: 53.133845 | M88: 27.453642 | N88: 35.297539 | O88: 39.219488
A89: 435060 | B89: Valachovic | C89: Marek | E89: C0 | F89: 16.34 | G89: 15.4 | H89: 30.81 | I89: 39.243329 | J89: 39.75 | K89: 51.256072 | L89: 54.893875 | M89: 29.213678 | N89: 37.560443 | O89: 41.733826
A90: 438558 | B90: Pandaru | C90: Marius | E90: A0 | F90: 15.35 | G90: 14.47 | H90: 29.123375 | I90: 37.04683 | J90: 37.52704 | K90: 48.331751 | L90: 53.133845 | M90: 27.453642 | N90: 35.297539 | O90: 39.219488
A91: 434696 | B91: Kloc | C91: Mariusz | E91: A0 | F91: 15.35 | G91: 14.47 | H91: 29.123375 | I91: 37.04683 | J91: 37.52704 | K91: 48.331751 | L91: 53.133845 | M91: 27.453642 | N91: 35.297539 | O91: 39.219488
A92: 433027 | B92: Madej | C92: Marta | D92: 7 | E92: A0 | F92: 15.35 | G92: 14.47 | H92: 29.123375 | I92: 37.04683 | J92: 37.52704 | K92: 48.331751 | L92: 53.133845 | M92: 27.453642 | N92: 35.297539 | O92: 39.219488
A93: 406836 | B93: Drozdziel | C93: Martin | D93: 57 | E93: B1 | F93: 16.2 | G93: 15.265737 | H93: 30.64016 | I93: 38.941429 | J93: 39.444536 | K93: 50.764448 | L93: 54.344796 | M93: 28.621425 | N93: 36.798975 | O93: 40.88775
A94: 386399 | B94: Podlasin | C94: Martin | D94: 75 | E94: B2 | F94: 16.41 | G94: 15.463626 | H94: 30.998588 | I94: 39.407466 | J94: 39.917095 | K94: 51.383746 | L94: 55.010507 | M94: 28.992443 | N94: 37.275998 | O94: 41.417776
A95: 416222 | B95: Kovacova | C95: Martina | E95: A0 | F95: 15.35 | G95: 14.47 | H95: 29.123375 | I95: 37.04683 | J95: 37.52704 | K95: 48.331751 | L95: 53.133845 | M95: 27.453642 | N95: 35.297539 | O95: 39.219488
A96: 437613 | B96: Tranevicius | C96: Martynas | E96: E4 | F96: 18.49 | G96: 17.42 | H96: 33.49 | I96: 42.66 | J96: 43.21 | K96: 55.71 | L96: 61.27 | M96: 31.46 | N96: 40.44 | O96: 44.94
A97: 414939 | B97: Chlipala | C97: Marzena | D97: 1 | E97: A0 | F97: 15.35 | G97: 14.47 | H97: 29.123375 | I97: 37.04683 | J97: 37.52704 | K97: 48.331751 | L97: 53.133845 | M97: 27.453642 | N97: 35.297539 | O97: 39.219488
A98: 385663 | B98: Wielgus | C98: Mateusz | D98: 85 | E98: C2 | F98: 16.8 | G98: 15.831135 | H98: 31.66424 | I98: 40.272963 | J98: 40.794704 | K98: 52.533872 | L98: 56.246826 | M98: 29.681478 | N98: 38.1619 | O98: 42.402111
A99: 425133 | B99: Peixoto | C99: Mathew | D99: 19 | E99: A0 | F99: 15.35 | G99: 14.47 | H99: 29.123375 | I99: 37.04683 | J99: 37.52704 | K99: 48.331751 | L99: 53.133845 | M99: 27.453642 | N99: 35.297539 | O99: 39.219488
A100: 394024 | B100: Sott | C100: Michal | D100: 34 | E100: B0 | F100: 15.98 | G100: 15.058424 | H100: 30.19595 | I100: 38.444602 | J100: 38.944521 | K100: 50.192683 | L100: 53.750337 | M100: 28.570047 | N100: 36.732918 | O100: 40.814354
...

Sheet unique_names
B2: {=_xlfn._xlws.SORT(_xlfn.UNIQUE(G2:G231))} | G2: =_xlfn.TEXTJOIN(" ", TRUE, Blad1!B2:C2) -> Cimoszko Adam
B3: Adamska Daria | G3: =_xlfn.TEXTJOIN(" ", TRUE, Blad1!B3:C3) -> Cwioro Agnieszka
B4: Andryjanczyk Przemyslaw | G4: =_xlfn.TEXTJOIN(" ", TRUE, Blad1!B4:C4) -> Kosior Agnieszka
B5: Arhipova Inna | G5: =_xlfn.TEXTJOIN(" ", TRUE, Blad1!B5:C5) -> Rogalska Agnieszka
B6: Babics David | G6: =_xlfn.TEXTJOIN(" ", TRUE, Blad1!B6:C6) -> Ziolkowska Agnieszka
B7: Baraniuk Beata | G7: =_xlfn.TEXTJOIN(" ", TRUE, Blad1!B7:C7) -> Garcia Ocampo Alejandro
B8: Baselga Alvarez de Lorenzana Lucia | G8: =_xlfn.TEXTJOIN(" ", TRUE, Blad1!B8:C8) -> Ciszewska Aleksandra
B9: Bender Kinga | G9: =_xlfn.TEXTJOIN(" ", TRUE, Blad1!B9:C9) -> Spataru Alexandru
B10: Bierczak Piotr | G10: =_xlfn.TEXTJOIN(" ", TRUE, Blad1!B10:C10) -> Ionas Alin
B11: Bisliukas Armandas | G11: =_xlfn.TEXTJOIN(" ", TRUE, Blad1!B11:C11) -> Calzado Marin Alvaro
B12: Calzado Marin Alvaro | G12: =_xlfn.TEXTJOIN(" ", TRUE, Blad1!B12:C12) -> Jankowski Andrzej
B13: Chlipala Marzena | G13: =_xlfn.TEXTJOIN(" ", TRUE, Blad1!B13:C13) -> Damaso Gonzalez Angel
B14: Chwalinska Izabela | G14: =_xlfn.TEXTJOIN(" ", TRUE, Blad1!B14:C14) -> Cyran Anna
... B140: Ziolkowska Agnieszka | G140: =_xlfn.TEXTJOIN(" ", TRUE, Blad1!B140:C140)
G141: =_xlfn.TEXTJOIN(" ", TRUE, Blad1!B141:C141)
G142: =_xlfn.TEXTJOIN(" ", TRUE, Blad1!B142:C142)
G143: =_xlfn.TEXTJOIN(" ", TRUE, Blad1!B143:C143)
G144: =_xlfn.TEXTJOIN(" ", TRUE, Blad1!B144:C144)
G145: =_xlfn.TEXTJOIN(" ", TRUE, Blad1!B145:C145)
G146: =_xlfn.TEXTJOIN(" ", TRUE, Blad1!B146:C146)
G147: =_xlfn.TEXTJOIN(" ", TRUE, Blad1!B147:C147)
G148: =_xlfn.TEXTJOIN(" ", TRUE, Blad1!B148:C148)
G149: =_xlfn.TEXTJOIN(" ", TRUE, Blad1!B149:C149)
G150: =_xlfn.TEXTJOIN(" ", TRUE, Blad1!B150:C150)
G151: =_xlfn.TEXTJOIN(" ", TRUE, Blad1!B151:C151)
G152: =_xlfn.TEXTJOIN(" ", TRUE, Blad1!B152:C152)
... G231: =_xlfn.TEXTJOIN(" ", TRUE, Blad1!B231:C231)
